Profit,SHS,SVHS
5305.181172,47.562963,21.704089
